Nombre,Pais,Rubro,Estado episodio,Titulo episodio,Tema (1 linea),Instagram,YouTube,Spotify,Web,Proximo hito,Ultima actividad detectada,Oportunidad de amplificacion,Prioridad,Ultima actualizacion
Joaquin de Luz,España,"Danza (ex NYCB; ex director Compañia Nacional de Danza), coreografo",En dossier,La escalada infinita y el coraje de incomodar,Sobrevivir en la cumbre de la elite global sin perder el alma.,por investigar,por investigar,por investigar,por investigar,Estrena gala en Madrid junto a Vasko Vassilev (ago 2026),Gala en Madrid que rompe fronteras entre generos de danza (prensa ago 2026),Subir fragmento de su episodio aprovechando la repercusion de su gala en Madrid; etiquetar a Joaquin y a la Compañia Nacional de Danza.,🔥 ola fuerte,2026-10-06
Tati Ballesteros,España,"Criminologa (analisis de conducta), escritora, creadora de la filosofia VIRMOR",Grabado (video en Drive),Romper con el piloto automatico,Salir del piloto automatico y el ruido digital para reconectar con el presente.,por investigar,por investigar,por investigar,por investigar,Presentacion de su libro en Madrid,Libros publicados (VIRMOR / 'Honrar la vida'); presenta libro en Madrid,Publicar fragmento de su episodio alrededor de la presentacion del libro; etiquetarla y sumar el link a su libro.,🔥 ola fuerte,2026-10-06
Nicolas Coronado,España,"Actor, modelo, artista plastico, facilitador de bienestar",Grabado (video en Drive),Del ruido mediatico a la paz del alma,Soltar expectativas y el exito superficial para animarse a ser 'el diferente'.,por investigar,por investigar,por investigar,por investigar,,Actor en activo (hijo de Jose Coronado); perfil en IMDb/ecartelera,Coordinar la salida del episodio con algun estreno o aparicion suya; angulo 'el actor detras de las camaras'.,👀 seguir,2026-10-06
Pola Jankowska,España,"Psicologa, autora ('La estafa de la modernidad'), conferencista",Grabado (video en Drive),La estafa del ego y el regreso al alma,Como las 'relaciones liquidas' y la hiperindependencia nos desconectan; el regreso al alma.,por investigar,por investigar,por investigar,por investigar,Difusion de su libro 'La estafa de la modernidad' (Planeta),Autora con fuerte presencia en Instagram (psicologia); libro en Planeta,Aprovechar su comunidad en IG: fragmento + cita potente del episodio enlazando a su libro.,👀 seguir,2026-10-06
Kike Santander,Colombia,"Productor musical, compositor (multiple ganador)",Grabado (video en Drive),,,por investigar,por investigar,por investigar,por investigar,,Productor/compositor de referencia en la musica latina (ver lanzamientos recientes),Episodio de alto nombre: coordinar con algun lanzamiento o efemeride musical suya.,👀 seguir,2026-10-06
Mary Munive,Costa Rica,Medica; Primera Vicepresidenta de Costa Rica (ex ministra de Salud/Deporte),Grabado (video en Drive),,La mujer detras del cargo; vocacion de servicio y la pandemia donde ciencia y alma se cruzaron.,por investigar,por investigar,por investigar,por investigar,Contexto electoral Costa Rica 2026,"Figura publica muy activa (vicepresidencia, actos oficiales)","Alto perfil, pero es politica: cuidar el tono (humano/espiritual, no partidario). Publicar en un momento no electoral.",👀 seguir,2026-10-06
Pilar Cisneros Gallo,Costa Rica,Periodista y diputada,Grabado (video en Drive),,"La persona detras de la figura publica; periodismo, verdad y conciencia.",por investigar,por investigar,por investigar,por investigar,,,,💤 sin novedades,2026-10-06
Dr. Luis Corrales,Costa Rica,Medico oncologo,Grabado (video en Drive),,Cuando la medicina se encuentra con el alma; el cancer y el sentido de la vida.,por investigar,por investigar,por investigar,por investigar,,,,💤 sin novedades,2026-10-06
Norval Calvo,Costa Rica,"Periodista, productor y humorista (Pelando El Ojo)",Grabado (video en Drive),,El hombre detras de la sonrisa; el humor como medicina del alma.,por investigar,por investigar,por investigar,por investigar,,,,💤 sin novedades,2026-10-06
Ana Cristina Rivas y Otto Castro,Costa Rica,Pareja de profesionales/cientificos,Grabado (video en Drive),,Cuando la ciencia y el alma conversan.,por investigar,por investigar,por investigar,por investigar,,,,💤 sin novedades,2026-10-06
Mariana Sanz,,(por investigar),Grabado (video en Drive),,,por investigar,por investigar,por investigar,por investigar,,,,💤 sin novedades,2026-10-06
Ligia Madrigal,Costa Rica,"Diseñadora, empresaria, atleta de ultradistancia, montañista (Everest)",En dossier / pendiente,,Identidad mas alla del logro: '¿Cual es tu Everest?',por investigar,por investigar,por investigar,por investigar,,,,💤 sin novedades,2026-10-06
Ginnes Rodriguez,Costa Rica,"Periodista, presentadora, productora",En dossier / pendiente,,La persona detras de la figura de TV.,por investigar,por investigar,por investigar,por investigar,,,,💤 sin novedades,2026-10-06
Viviana Calderon,Costa Rica,Presentadora de TV,En dossier / pendiente,,"La mujer detras de la pantalla; reinvencion, maternidad y paz interior.",por investigar,por investigar,por investigar,por investigar,,,,💤 sin novedades,2026-10-06
Anthony Venegas Abarca,Costa Rica,Activista; sobreviviente de abuso,En dossier / pendiente,,"Sobrevivir al abuso, hablar y sanar. (Tema sensible: cuidar el tratamiento.)",por investigar,por investigar,por investigar,por investigar,,,,💤 sin novedades,2026-10-06
Lucia Esquivel,Costa Rica,"Fundadora/CEO (Natural Instinct, Casa Mundo); diseño y bienestar",En dossier / pendiente,,Quien queda cuando se quitan los titulos y las empresas.,por investigar,por investigar,por investigar,por investigar,,,,💤 sin novedades,2026-10-06
Carolina Jaikel,Costa Rica,Abogada (administracion y finanzas),En dossier / pendiente,,"La enfermedad como punto de quiebre; presente, fe y sentido.",por investigar,por investigar,por investigar,por investigar,,,,💤 sin novedades,2026-10-06
Susana Weisleder,Israel,Arquitecta; estudiosa del misticismo / Cabala,Grabado (video en Drive),,"Intuicion, misticismo y espiritualidad en el diseño y la vida.",por investigar,por investigar,por investigar,por investigar,,,,💤 sin novedades,2026-10-06
Dra. Gabriela Morales,,"Medica ginecologa y sexologa, psicobioterapeuta",En dossier / pendiente,,"Emociones y enfermedad, sexualidad, duelo y espiritualidad.",por investigar,por investigar,por investigar,por investigar,,,,💤 sin novedades,2026-10-06
Valeria Odetti,Argentina,Educadora (Cordoba),En dossier / pendiente,,"Educar desde la conciencia, el amor y el respeto por cada niño.",por investigar,por investigar,por investigar,por investigar,,,,💤 sin novedades,2026-10-06
Marta,,Salud publica y social; investigacion,En dossier / pendiente,,"Salud publica, medicina social y el rol de la ciencia.",por investigar,por investigar,por investigar,por investigar,,,,💤 sin novedades,2026-10-06
Gabriela Mattea,Argentina,"Psicologa (Gestalt), terapeuta (Cordoba)",En dossier / pendiente,,"Puente entre psicologia, espiritualidad y los desafios humanos de hoy.",por investigar,por investigar,por investigar,por investigar,,,,💤 sin novedades,2026-10-06
Analia Bonifay,,Escritora / literatura,En dossier / pendiente,,La literatura como puerta al alma.,por investigar,por investigar,por investigar,por investigar,,,,💤 sin novedades,2026-10-06
Dr. Diego Andres Ghersevich,,Psiquiatra / salud mental,En dossier / pendiente,,"Puente entre psiquiatria, salud mental, conciencia y espiritualidad.",por investigar,por investigar,por investigar,por investigar,,,,💤 sin novedades,2026-10-06
Ines Siro,,(por investigar),Grabado (video en Drive),,,por investigar,por investigar,por investigar,por investigar,,,,💤 sin novedades,2026-10-06
Claudio Duwarsaky,,(por investigar),Grabado (video en Drive),,,por investigar,por investigar,por investigar,por investigar,,,,💤 sin novedades,2026-10-06
Gabriela Magallanes,,(por investigar),Grabado (video en Drive),,,por investigar,por investigar,por investigar,por investigar,,,,💤 sin novedades,2026-10-06
Daniel Piedra,,(por investigar),Grabado (video en Drive),,,por investigar,por investigar,por investigar,por investigar,,,,💤 sin novedades,2026-10-06
Magaly,,(por investigar),Grabado (video en Drive),,,por investigar,por investigar,por investigar,por investigar,,,,💤 sin novedades,2026-10-06
Ana Antic,,(por investigar),Grabado (video en Drive),,,por investigar,por investigar,por investigar,por investigar,,,,💤 sin novedades,2026-10-06
