Nombre,Pais,Rubro,Estado episodio,Instagram,Proximo hito,Ultima actividad detectada,Oportunidad de amplificacion,Prioridad,Seguidores,Hito (0-3),Afinidad (1-5)
Joaquin de Luz,España,"Danza (ex NYCB; ex director CND), coreografo",En dossier,https://www.instagram.com/joaquindeluz/,"Sin evento proximo confirmado. Su gala ConcertDanza con Vasko Vassilev ya fue (2 ago 2026, Madrid).",Figura independiente y voz publica del sector danza; ConcertDanza con buenas criticas.,Clip evergreen 'danza que conversa con la musica'; reservar ola mayor para su proxima produccion.,👀 seguir,0,1,3
Tati Ballesteros,España,"Criminologa, escritora, filosofia VIRMOR",Grabado,https://www.instagram.com/tati_ballesteros/,"Libro 'Honrar la vida. VIRMOR' (Kitaeru, abr 2026): 3 ediciones en 2 semanas; gira.",582 mil seg IG. Libro fenomeno de ventas; inspiro la obra musical 'Virmor' de Funambulista.,Amplificar YA: reel 'VIRMOR / honrar la vida' + link al libro; pedir repost a sus 582k.,🔥 ola fuerte,582000,3,5
Nicolas Coronado,España,"Actor, modelo, facilitador de bienestar",Grabado,https://www.instagram.com/nicolas_coronado/,Sin fecha. Centro de bienestar 'Espacio Tierra' (Toledo) en marcha.,"100 mil seg IG. Giro al bienestar/espiritualidad: finca-retiro en Toledo (yoga, meditacion).",Publicar ligado a 'Espacio Tierra'; subir a ola fuerte cuando anuncie un retiro con fecha.,👀 seguir,100000,2,5
Pola Jankowska,España,"Psicologa, autora, conferencista",Grabado,https://www.instagram.com/polajankowska/,"Libro 'La estafa de la modernidad' (Deusto/Planeta, may 2026). Pico mediatico sept 2026.",797 mil seg IG. Muchas apariciones en podcasts; tesis polemica = mucha conversacion.,Amplificar YA: fragmento provocador (modernidad vs vida tradicional); repost a sus 797k.,🔥 ola fuerte,797000,3,4
Kike Santander,Colombia,"Productor musical, compositor (4 Latin Grammys)",Grabado,https://www.instagram.com/ksantander/,14 OCT 2026 (en 7 dias): Salon de la Fama de los Compositores Latinos (Miami).,344 mil seg IG. Proyecto 'musica para sanar' (app Aloharmony).,VENTANA 7 DIAS: sacar su episodio/reel YA pegado al 14-oct; etiquetar @ksantander y @aloharmony.app.,🔥 ola fuerte,344000,3,5
Mary Munive,Costa Rica,Medica; ex Vicepresidenta de Costa Rica,Grabado,https://www.instagram.com/marymunivecr/,Su periodo termino el 8 may 2026. Hoy ex vicepresidenta: ventana electoral cerrada.,"Medica de familia y comunitaria, profesora UCR. Sin actividad publica clara tras mayo.","Fuera del cargo, el angulo humano (medica, vocacion) es el natural, sin ruido partidario.",👀 seguir,0,1,3
Pilar Cisneros Gallo,Costa Rica,Periodista y ex diputada,Grabado,https://www.instagram.com/pilarcisnerosoficial/,Su periodo de diputada termino may 2026 y anuncio su retiro de la politica.,"27,4 mil seg IG. Periodista costarricense de origen peruano; maestria en periodismo de investigacion.",Fuera de la Asamblea: angulo humano (la peruana que hizo su vida en CR) sin carga partidaria.,👀 seguir,27400,1,3
Dr. Luis Corrales,Costa Rica,Medico oncologo,Grabado,por investigar,Sin efemeride puntual. Actividad profesional continua (investigacion oncologica).,"Dirige CIMCA, profesor UCR, coordinador de CLICaP. Sin IG personal confirmado.","Evergreen sobre muerte, esperanza y resiliencia. Gancho: Dia Mundial contra el Cancer (4 feb).",👀 seguir,0,1,5
Norval Calvo,Costa Rica,Periodista y humorista (Pelando El Ojo),Grabado,https://www.instagram.com/pelandoelojo/,Director creativo de las transmisiones de fin de ano de Repretel. Cumple 10 nov.,Periodista 25+ anos; premio internacional de humor politico (2023). IG personal NO confirmado.,Angulo 'el humor como lenguaje del alma'. Posible gancho de cumpleanos (10 nov).,👀 seguir,77200,2,3
Ana Cristina Rivas y Otto Castro,Costa Rica,Ortodoncistas (clinica Ortodontica),Grabado,https://www.instagram.com/ortodonticacr/,Sin efemeride puntual. Clinica Ortodontica activa (Hospital La Catolica).,Matrimonio de ortodoncistas; Academia CR de Ortodoncia. IG compartido @ortodonticacr.,"Episodio de pareja + ciencia/alma; evergreen, ideal para ola de 'parejas con proposito'.",👀 seguir,0,1,4
Mariana Asan,Argentina,Periodista (Cadena 3 / Cadena Heat) — Cordoba,Grabado,https://www.instagram.com/mariana.asan.ok/,Se casa este fin de semana (oct 2026) — dato de Jime (no confirmado en prensa).,"85,6 mil seg IG. Periodista en Cadena 3 y Cadena Heat; nuevo segmento en FM Cordoba.","Si confirma la boda, felicitacion genuina etiquetandola; NO empujar el episodio.",👀 seguir,85600,2,2
Ligia Madrigal,Costa Rica,"Montañista (Everest), ultradistancista",En dossier,https://www.instagram.com/ligia_madrigal/,"OCTUBRE 2026: expedicion a la Piramide Carstensz, 4a de las Siete Cumbres.","69,7 mil seg IG. Primera mujer de CR en el Everest. Proyecto Siete Cumbres.",Amplificar AHORA en paralelo a la expedicion. OJO: episodio aun en dossier (grabar primero).,🔥 ola fuerte,69700,3,4
Ginnes Rodriguez,Costa Rica,"Periodista, presentadora, productora",En dossier,https://www.instagram.com/ginnes_rodriguez/,Estrena HOY (7 oct 2026) el podcast 'Realidades' junto a Lussania Viquez.,282 mil seg IG. Presentadora de 'Informe 11'. Lanza el podcast 'Realidades'.,Cross-promo podcast-a-podcast el dia de su estreno. OJO: episodio aun en dossier.,🔥 ola fuerte,282000,3,4
Viviana Calderon,Costa Rica,"Presentadora de TV, deportista",En dossier,https://www.instagram.com/vivilutheoriginal/,"Conduce 'Conexion Futbol' (Repretel), domingos 7:30pm (3a temporada).",464 mil seg IG. Enfrento criticas publicas sobre su cuerpo (angulo autoestima/resiliencia).,Vigente en pantalla; amplificar ligando al tema criticas/cuerpo y deporte como bienestar.,👀 seguir,464000,2,3
Anthony Venegas Abarca,Costa Rica,Activista; sobreviviente de abuso,En dossier,https://www.instagram.com/tovenegas/,"Documental 'El Monaguillo, el Cura y el Jardinero' fue candidatura de CR al Oscar (mar-2026).",2.492 seg IG. Resonancia internacional del filme. Impulsa la 'Ley de Derecho al Tiempo'.,"Amplificar con MAXIMO RESPETO: sanacion, voz de sobrevivientes. OJO: episodio en dossier.",🔥 ola fuerte (con tacto),2492,2,5
Lucia Esquivel,Costa Rica,"Fundadora/CEO (Natural Instinct, Casa Mundo)",En dossier,https://www.instagram.com/socanuma/,Sin hito publico nuevo verificable 2026.,169 mil seg IG. Directora de Natural Instinct; radicada en Valencia. Sin prensa 2026 externa.,Baja urgencia; revisar su IG para novedades de proyecto/Casa Mundo antes de programar.,💤 sin novedades,169000,0,4
Carolina Jaikel,Costa Rica,Abogada; blog personal / lifestyle,En dossier,https://www.instagram.com/carojaikel/,Nota en La Nacion (6 abr 2026) con ella y Bryan Ruiz sobre el cancer en la familia (sensible).,"71,5 mil seg IG. Esposa del futbolista Bryan Ruiz; socia de @cachito.deluna.","Angulo alma/resiliencia familiar si quiere hablarlo; si no, por el emprendimiento. Confirmar con ella.",👀 seguir,71500,2,4
Susana Weisleder,Israel,Arquitecta; misticismo / Cabala,Grabado,https://www.instagram.com/susanaweisleder/,Sin evento datado 2026.,Estudio Merenfeld Weisleder (Miami); obra judia/institucional. Telly y Cabala: a confirmar.,"Angulo unico 'diseno de espacios sagrados + Cabala', muy afin al eje alma. Evergreen.",💤 sin novedades,1412,0,5
Dra. Gabriela Morales,,"Ginecologa y sexologa, psicobioterapeuta",Grabado,https://www.instagram.com/gabyconciencia/,"No encontrado (perfil IG-only, nombre comun).",2.383 seg IG. Sin footprint web verificable; verificar handle y pedir novedades 2026.,Cruce medicina + constelaciones + sexologia potente para audiencia alma; requiere insumo de ella.,👀 seguir,2383,1,5
Valeria Odetti,Argentina,Educadora (Cordoba),En dossier,https://www.instagram.com/valeriaode/,Sin evento 2026 datado.,951 seg IG. Referente en materiales didacticos digitales (FLACSO); recursos en Educ.ar.,"Angulo 'educacion, tecnologia y sentido del aprendizaje'. Evergreen.",👀 seguir,951,0,3
Marta,,Salud publica y social; investigacion,En dossier,por investigar,,Info insuficiente: sin apellido no es identificable. Pedir apellido / institucion / tema.,,💤 sin novedades,0,0,3
Gabriela Mattea,Argentina,"Psicologa (Gestalt), terapeuta (Cordoba)",En dossier,https://www.instagram.com/gabrielamattea/,No encontrado (IG-only).,744 seg IG. La sigue casaalma_cordoba. Verificar handle y pedir agenda de talleres 2026.,Terapia Gestalt = tema nucleo alma; episodio evergreen.,💤 sin novedades,744,0,5
Analia Bonifay,,Escritora / literatura,En dossier,https://www.instagram.com/analia_bonifay/,No encontrado (sin libros/presentaciones indexados).,1.480 seg IG. Verificar si tiene libro 2025/2026 o taller activo.,"Si tiene libro/taller activo, gancho claro (literatura + interioridad).",👀 seguir,1480,1,3
Dr. Diego Andres Ghersevich,,Psiquiatra / salud mental,En dossier,https://www.instagram.com/diegoandresghersevich/ (privada),No encontrado.,Cuenta IG PRIVADA y sin actividad. Pedir nombre completo/institucion.,"Salud mental = tema fuerte, pero sin material publico para amplificar hoy.",💤 sin novedades,15,0,5
Ines Sheero,,Diseno y moda; fundadora de SHE by Ines Sheero; podcast,Grabado,https://www.instagram.com/inessheero/,"Marca en movimiento 2026 (SHE Capsule, EQUILIBRI-O). Podcast 'Te Tengo Un Cuento' activo.",410 mil seg IG. Ex-Miss Venezuela; curadora/lifestyle (Miami).,Gran audiencia (410k) + tema afin: cross-promo entre podcasts.,🔥 ola fuerte,410000,2,4
Dr. Claudio Dubersarsky,,Oncologo clinico; Director Medico BRCR; Profesor UNC,Grabado,https://www.instagram.com/drclaudiodubersarsky/,Perfil difundido (jun 2026). Octubre = Mes de concientizacion del cancer de mama.,"15,4 mil seg IG. Director Medico de BRCR Global; comunicacion centrada en el paciente.","Eje 'medicina con alma'. VENTANA OCTUBRE: publicar ahora, clip con relato humano ('Resilientes').",🔥 ola fuerte,15400,3,5
Edgar Piedra,,(por investigar),Grabado,https://www.instagram.com/edgard.stone/,No encontrado.,"306 seg IG, cuenta chica. La siguen casaalma_cordoba y chochigalassi. Confirmar su rol.",,💤 sin novedades,306,0,2
Magali Gaido,,Periodista (Cordoba),Grabado,https://www.instagram.com/magaligaido/,Nota en Showsport (8 jul 2026): 'la voz del estadio Kempes'.,131 mil seg IG. OJO: el perfil 2026 NO confirma 'jefa de redes en La Voz'.,Figura joven en alza en Cordoba; verificar identidad/rol antes de un push.,👀 seguir,131000,2,2
Ana Antic,,Ex VIP stylist; CEO de ANTIC (branding); comite MBFW Madrid,Grabado,https://www.instagram.com/anaantic/,Miembro del nuevo Comite de Moda de MBFW Madrid (IFEMA).,203 mil seg IG. IFEMA la confirma en el Comite de MBFW Madrid como CEO de ANTIC.,Validacion institucional 2026 + alcance (203k): publicar ligandolo a su rol en el comite.,🔥 ola fuerte,203000,2,2
